{
  "copilot": {
    "score": 0.12723002762832217,
    "deltaChrF": 22.265254834956377,
    "showRate": 0.4,
    "quietRate": 1
  },
  "mercuryapi": {
    "score": 0.5829768999700814,
    "deltaChrF": 65.23789118712816,
    "showRate": 1,
    "quietRate": 0.8076923076923077
  },
  "qwen3.5-0.8B": {
    "score": 0.21150263013495899,
    "deltaChrF": 37.253304171498456,
    "showRate": 0.8,
    "quietRate": 0.44
  },
  "qwen3.5-2B": {
    "score": 0.19916524641048056,
    "deltaChrF": 35.08024226548237,
    "showRate": 0.8,
    "quietRate": 0.44
  },
  "qwen3.5-4B": {
    "score": 0.18377870507132166,
    "deltaChrF": 28.71542266739401,
    "showRate": 0.64,
    "quietRate": 0.64
  },
  "qwen3.6-27B": {
    "score": 0.23247033414491206,
    "deltaChrF": 32.006785135893686,
    "showRate": 0.6,
    "quietRate": 0.92
  },
  "qwen3.6-35B-A3B": {
    "score": 0.10261098544681499,
    "deltaChrF": 19.23955977127781,
    "showRate": 0.4,
    "quietRate": 0.8
  },
  "sweep-next-edit-0.5B": {
    "score": 0.10422376756540595,
    "deltaChrF": 23.04948705773401,
    "showRate": 0.52,
    "quietRate": 0.4
  },
  "sweep-next-edit-1.5B": {
    "score": 0.20563437497615986,
    "deltaChrF": 43.68050448839997,
    "showRate": 0.68,
    "quietRate": 0.36
  },
  "sweep-next-edit-7B": {
    "score": 0.22666314170176116,
    "deltaChrF": 46.04095065817024,
    "showRate": 0.64,
    "quietRate": 0.4
  },
  "sweepapi": {
    "score": 0.08383645684904067,
    "deltaChrF": 17.29126922511464,
    "showRate": 0.32,
    "quietRate": 1
  },
  "zeta": {
    "score": 0.5616320137623684,
    "deltaChrF": 62.43438888168621,
    "showRate": 0.88,
    "quietRate": 0.92
  },
  "zeta-2": {
    "score": 0.6149166849505295,
    "deltaChrF": 65.44629572616596,
    "showRate": 0.92,
    "quietRate": 0.96
  }
}
